alpha,seed,client,n_train,classi,val_acc,best_epoch,test_acc,durata_min
10.0,42,0,3352,"{0: 1587, 1: 1765}",0.9618138424821002,94,0.9595428156748912,1.2970139344533285
10.0,42,1,3468,"{0: 1488, 1: 1980}",0.9608294930875576,77,0.9580914368650217,1.3243998130162558
10.0,42,2,2458,"{0: 1602, 1: 856}",0.9577235772357724,64,0.951378809869376,1.1218687057495118
10.0,42,3,3549,"{0: 1878, 1: 1671}",0.9628378378378378,73,0.954644412191582,1.3207124471664429
10.0,42,4,2406,"{0: 1127, 1: 1279}",0.973421926910299,84,0.9560957910014514,1.1044556101163228
10.0,42,5,2401,"{0: 1122, 1: 1279}",0.961730449251248,92,0.9582728592162555,0.9229356646537781
10.0,43,0,2208,"{0: 1263, 1: 945}",0.967391304347826,77,0.954644412191582,0.9424683213233948
10.0,43,1,3475,"{0: 2216, 1: 1259}",0.9643268124280783,55,0.9524673439767779,0.9996426781018575
10.0,43,2,2813,"{0: 1071, 1: 1742}",0.9715909090909091,83,0.9557329462989841,0.810925551255544
10.0,43,3,2904,"{0: 1793, 1: 1111}",0.9628610729023384,93,0.9557329462989841,1.1745428363482158
10.0,43,4,3686,"{0: 1285, 1: 2401}",0.9631236442516269,92,0.9499274310595065,1.458991531531016
10.0,43,5,2548,"{0: 1166, 1: 1382}",0.9623824451410659,96,0.9566400580551524,0.7697671572367351
10.0,44,0,2908,"{0: 1398, 1: 1510}",0.9615384615384616,87,0.9531930333817126,0.856349237759908
10.0,44,1,3125,"{0: 1356, 1: 1769}",0.9718670076726342,56,0.9542815674891146,1.2511324842770895
10.0,44,2,3052,"{0: 1740, 1: 1312}",0.9580602883355177,57,0.956821480406386,1.1940820932388305
10.0,44,3,2848,"{0: 1181, 1: 1667}",0.9648876404494382,72,0.9497460087082729,1.1605408469835916
10.0,44,4,2863,"{0: 1793, 1: 1070}",0.9441340782122905,91,0.9437590711175616,1.1678246100743612
10.0,44,5,2839,"{0: 1389, 1: 1450}",0.9619718309859155,71,0.9548258345428157,1.1556429386138916
1.0,42,0,2168,"{0: 1526, 1: 642}",0.9428044280442804,94,0.9548258345428157,0.8391356786092122
1.0,42,1,4872,"{0: 711, 1: 4161}",0.970467596390484,49,0.9482946298984035,2.0508524974187217
1.0,42,2,2299,"{0: 1663, 1: 636}",0.9634782608695652,49,0.9462989840348331,0.9789336164792378
1.0,42,3,1553,"{0: 1173, 1: 380}",0.9588688946015425,64,0.9386792452830188,0.458768359820048
1.0,42,4,2766,"{0: 2592, 1: 174}",0.9682080924855492,82,0.8167634252539913,0.7962514678637187
1.0,42,5,3976,"{0: 1205, 1: 2771}",0.9728643216080402,88,0.9589985486211902,1.6684809605280557
1.0,43,0,2372,"{0: 1441, 1: 931}",0.9528619528619529,98,0.9506531204644412,0.7263606429100037
1.0,43,1,1771,"{0: 508, 1: 1263}",0.9548532731376975,63,0.9448476052249637,0.7566642006238301
1.0,43,2,2319,"{0: 1090, 1: 1229}",0.9551724137931035,99,0.9531930333817126,0.7375891009966532
1.0,43,3,1517,"{0: 1190, 1: 327}",0.9552631578947368,78,0.9018505079825835,0.6480014125506083
1.0,43,4,6429,"{0: 2233, 1: 4196}",0.970771144278607,84,0.9579100145137881,1.9409238656361898
1.0,43,5,3226,"{0: 2343, 1: 883}",0.9640644361833953,84,0.9497460087082729,0.9764458179473877
1.0,44,0,1476,"{0: 1242, 1: 234}",0.943089430894309,97,0.8309143686502177,0.48233967224756874
1.0,44,1,3773,"{0: 1643, 1: 2130}",0.965042372881356,51,0.9557329462989841,1.1780864397684734
1.0,44,2,2837,"{0: 2641, 1: 196}",0.9690140845070423,73,0.9096516690856313,0.9034384489059448
1.0,44,3,4564,"{0: 372, 1: 4192}",0.989492119089317,100,0.9337808417997098,2.0970752000808717
1.0,44,4,4579,"{0: 2859, 1: 1720}",0.959825327510917,78,0.9571843251088534,1.9182047128677369
1.0,44,5,405,"{0: 100, 1: 305}",0.803921568627451,100,0.7792089985486212,0.12223933537801107
0.5,42,0,1836,"{0: 1828, 1: 8}",1.0,1,0.5,0.8677174329757691
0.5,42,1,4943,{0: 4943},1.0,1,0.5,2.2272902925809226
0.5,42,2,3179,"{0: 1151, 1: 2028}",0.9748427672955975,59,0.956277213352685,1.3847966988881428
0.5,42,3,2444,"{0: 21, 1: 2423}",0.9918300653594772,1,0.5,0.7929572502772013
0.5,42,4,1004,"{0: 872, 1: 132}",0.952191235059761,91,0.8488751814223512,0.4520955761273702
0.5,42,5,4229,"{0: 22, 1: 4207}",0.999054820415879,1,0.5,1.8987820307413736
0.5,43,0,1352,"{0: 647, 1: 705}",0.9615384615384616,74,0.9354136429608128,0.40523497263590497
0.5,43,1,1536,"{0: 567, 1: 969}",0.9506493506493506,87,0.9464804063860668,0.7136036117871603
0.5,43,2,2823,"{0: 2393, 1: 430}",0.9603399433427762,94,0.9432148040638607,1.152224063873291
0.5,43,3,3264,"{0: 481, 1: 2783}",0.9767156862745098,94,0.9459361393323658,1.3589703758557639
0.5,43,4,3960,{0: 3960},1.0,1,0.5,1.7521031975746155
0.5,43,5,4700,"{0: 764, 1: 3936}",0.9812925170068028,82,0.9345065312046444,2.0227179090181986
0.5,44,0,1248,"{0: 954, 1: 294}",0.9294871794871795,79,0.8994920174165457,0.5685536980628967
0.5,44,1,2120,"{0: 390, 1: 1730}",0.9811320754716981,69,0.9477503628447025,0.6409659465154012
0.5,44,2,5906,{0: 5906},1.0,1,0.5,2.5209656357765198
0.5,44,3,1114,"{0: 216, 1: 898}",0.967741935483871,99,0.9257982583454282,0.35335049231847127
0.5,44,4,5278,"{0: 612, 1: 4666}",0.9825757575757575,54,0.9432148040638607,2.265231657028198
0.5,44,5,1969,"{0: 728, 1: 1241}",0.9655172413793104,67,0.9571843251088534,0.8739982644716898
0.3,42,0,1640,{0: 1640},1.0,1,0.5,0.482376233736674
0.3,42,1,5525,{0: 5525},1.0,1,0.5,2.348761276404063
0.3,42,2,1019,"{0: 967, 1: 52}",0.9490196078431372,86,0.590711175616836,0.32982749938964845
0.3,42,3,7916,"{0: 1, 1: 7915}",1.0,1,0.5,3.3779979944229126
0.3,42,4,688,"{0: 684, 1: 4}",1.0,1,0.5,0.19246970812479655
0.3,42,5,848,"{0: 1, 1: 847}",0.9952830188679245,1,0.5,0.37996562719345095
0.3,43,0,1232,"{0: 491, 1: 741}",0.9448051948051948,86,0.951378809869376,0.499435818195343
0.3,43,1,1649,"{0: 424, 1: 1225}",0.9612590799031477,49,0.9176342525399129,0.7175684889157613
0.3,43,2,2798,"{0: 2441, 1: 357}",0.9685714285714285,92,0.8693759071117562,1.1881178220113118
0.3,43,3,5493,"{0: 289, 1: 5204}",0.9832605531295487,87,0.8301886792452831,1.6419975519180299
0.3,43,4,4560,{0: 4560},1.0,1,0.5,1.8519301573435465
0.3,43,5,1902,"{0: 617, 1: 1285}",0.9684873949579832,35,0.9355950653120464,0.5852633277575175
0.3,44,0,787,"{0: 697, 1: 90}",0.9390862944162437,93,0.6373367198838897,0.3618541359901428
0.3,44,1,1772,"{0: 160, 1: 1612}",0.9683972911963883,62,0.9212626995645864,0.6822428345680237
0.3,44,2,7112,{0: 7112},1.0,1,0.5,2.985124345620473
0.3,44,3,608,"{0: 62, 1: 546}",0.9477124183006536,100,0.673621190130624,0.16980261007944744
0.3,44,4,5967,"{0: 348, 1: 5619}",0.9892761394101877,82,0.8820754716981132,2.5459148128827414
0.3,44,5,1388,"{0: 450, 1: 938}",0.9626436781609196,53,0.9492017416545718,0.5499943931897481
0.2,42,0,5577,{1: 5577},1.0,1,0.5,1.6994237025578818
0.2,42,1,4298,{0: 4298},1.0,1,0.5,1.2733770767847696
0.2,42,2,3694,{0: 3694},1.0,1,0.5,1.1291548132896423
0.2,42,3,2555,"{0: 592, 1: 1963}",0.971830985915493,90,0.9553701015965167,1.016089912255605
0.2,42,4,523,"{0: 55, 1: 468}",0.8931297709923665,1,0.5,0.1488800088564555
0.2,42,5,988,"{0: 166, 1: 822}",0.951417004048583,96,0.9326923076923077,0.3276702602704366
0.2,43,0,648,"{0: 274, 1: 374}",0.9447852760736196,93,0.9290638606676342,0.1998711665471395
0.2,43,1,1007,"{0: 224, 1: 783}",0.9325396825396826,83,0.9083817126269956,0.3120113849639893
0.2,43,2,2784,"{0: 2678, 1: 106}",0.978448275862069,99,0.9036647314949202,0.8093976338704427
0.2,43,3,6820,"{0: 130, 1: 6690}",0.9929660023446659,92,0.7977140783744557,2.0835793375968934
0.2,43,4,5140,{0: 5140},1.0,1,0.5,1.5397276957829793
0.2,43,5,1236,"{0: 390, 1: 846}",0.9838187702265372,80,0.9428519593613933,0.396296226978302
0.2,44,0,3587,{0: 3587},1.0,1,0.5,1.480398380756378
0.2,44,1,567,"{0: 423, 1: 144}",0.9647887323943662,97,0.9132801161103048,0.16073143084843952
0.2,44,2,7358,"{0: 88, 1: 7270}",0.9896739130434783,96,0.6571117561683599,2.2266948501269024
0.2,44,3,1605,"{0: 1163, 1: 442}",0.9701492537313433,75,0.9390420899854862,0.48263147672017415
0.2,44,4,1833,"{0: 1805, 1: 28}",0.9803921568627451,1,0.5,0.563699746131897
0.2,44,5,2684,"{0: 1765, 1: 919}",0.9598214285714286,82,0.951378809869376,0.7993666807810466
0.4,42,0,1732,"{0: 1731, 1: 1}",0.9976958525345622,1,0.5,0.7076326847076416
0.4,42,1,5236,{0: 5236},1.0,1,0.5,2.4105326374371847
0.4,42,2,3020,"{0: 1057, 1: 1963}",0.9708994708994709,75,0.9555515239477503,1.1595175902048747
0.4,42,3,2388,"{0: 8, 1: 2380}",0.9966499162479062,1,0.5,0.7361587524414063
0.4,42,4,870,"{0: 797, 1: 73}",0.8807339449541285,99,0.5090711175616836,0.41160491307576497
0.4,42,5,4388,"{0: 6, 1: 4382}",0.9972652689152234,1,0.5,1.8941063205401103
0.4,43,0,1195,"{0: 592, 1: 603}",0.9498327759197325,98,0.9216255442670537,0.5491555809974671
0.4,43,1,1404,"{0: 522, 1: 882}",0.9487179487179487,71,0.9502902757619739,0.6109153509140015
0.4,43,2,2727,"{0: 2398, 1: 329}",0.9618768328445748,76,0.9219883889695211,0.8468966205914815
0.4,43,3,3249,"{0: 393, 1: 2856}",0.972939729397294,87,0.9506531204644412,1.376018182436625
0.4,43,4,4202,{0: 4202},1.0,1,0.5,1.304980198542277
0.4,43,5,4858,"{0: 703, 1: 4155}",0.9761316872427983,51,0.9377721335268505,2.1636641144752504
0.4,44,0,1061,"{0: 868, 1: 193}",0.9586466165413534,88,0.8358127721335269,0.4911184231440226
0.4,44,1,2016,"{0: 293, 1: 1723}",0.9722772277227723,62,0.9357764876632801,0.6292216300964355
0.4,44,2,6395,{0: 6395},1.0,1,0.5,2.8216608206431073
0.4,44,3,905,"{0: 134, 1: 771}",0.8898678414096917,79,0.7376632801161103,0.3012531002362569
0.4,44,4,5484,"{0: 479, 1: 5005}",0.9722830051057623,81,0.9388606676342526,2.3921531955401103
0.4,44,5,1773,"{0: 636, 1: 1137}",0.9774774774774775,44,0.9502902757619739,0.5365121722221374
