alpha,epsilon,window,utility_cost,federation_cost,heterogeneity_cost_main,privacy_cost_main,interaction_cost,heterogeneity_cost,privacy_cost,collaboration_gain,trivial_margin,utility_cost_hr,federation_cost_hr,heterogeneity_cost_main_hr,privacy_cost_main_hr,interaction_cost_hr,heterogeneity_cost_hr,privacy_cost_hr,collaboration_gain_hr,trivial_margin_hr,amplification
10.0,inf,all thresholds,0.005495229689777891,0.005495229689777891,0.0,0.0,0.0,0.0,0.0,0.005801631575364801,0.29291082208416697,0.003570079122990414,0.003570079122990414,0.0,0.0,0.0,0.0,0.0,0.0019081921985824128,0.0028276724188673902,
10.0,8.0,all thresholds,0.025879624338209957,0.005495229689777891,0.0,0.020384394648432065,0.0,0.0,0.020384394648432065,-0.014582763073067261,0.2725264274357349,0.006222879095151263,0.003570079122990414,0.0,0.0041032382173695715,0.0,0.0,0.0041032382173695715,0.003496300597110682,0.004229517009247009,1.0
10.0,4.0,all thresholds,0.03273215499354241,0.005495229689777891,0.0,0.02723692530376452,0.0,0.0,0.02723692530376452,-0.021435293728399713,0.2656738967804025,0.0054938511448094285,0.003570079122990414,0.0,0.0038928404389420254,0.0,0.0,0.0038928404389420254,0.0035992472843596863,0.004236840177400484,1.0
10.0,2.0,all thresholds,0.06152771586298812,0.005495229689777891,0.0,0.05603248617321024,0.0,0.0,0.05603248617321024,-0.050230854597845424,0.23687833591095678,0.026684959234839795,0.003570079122990414,0.0,0.024050082670423634,0.0,0.0,0.024050082670423634,0.024108703767158665,0.02197496663484542,1.0
10.0,1.0,all thresholds,0.2876431383688883,0.005495229689777891,0.0,0.2821479086791104,0.0,0.0,0.2821479086791104,-0.27634627710374554,0.010762913405056635,0.04183714503958107,0.003570079122990414,0.0,0.04116570019582938,0.0,0.0,0.04116570019582938,0.03972609095546518,0.0407354826259103,1.0
10.0,0.5,all thresholds,0.3618153303879692,0.005495229689777891,0.0,0.3563201006981913,0.0,0.0,0.3563201006981913,-0.35051846912282647,-0.06340927861402433,0.016465803181769413,0.003570079122990414,0.0,0.017504530279401014,0.0,0.0,0.017504530279401014,0.018778409458381735,0.018960537222147963,1.0
1.0,inf,all thresholds,0.007914501267017182,0.005495229689777891,0.0024192715772392895,0.0,0.0,0.0024192715772392895,0.0,0.04311171204446388,0.2904915505069277,0.0070135683324635215,0.003570079122990414,0.004868448885157382,0.0,0.0,0.004868448885157382,0.0,0.029227999347515948,0.0029662339329279896,
1.0,8.0,all thresholds,0.029173766219435533,0.005495229689777891,0.0024192715772392895,0.020384394648432065,0.0008748703039862896,0.003294141881225579,0.021259264952418352,0.021852447092045528,0.26923228555450934,0.00851298553355593,0.003570079122990414,0.004868448885157382,0.0041032382173695715,0.0025016258574143114,0.004827487477081937,0.0041871074476898034,0.025647147146714153,0.004495744341525014,1.0429186306032188
1.0,4.0,all thresholds,0.04417083076329452,0.005495229689777891,0.0024192715772392895,0.02723692530376452,0.009019404192512829,0.011438675769752117,0.03625632949627734,0.006855382548186538,0.2542352210106503,0.028284704921530984,0.003570079122990414,0.004868448885157382,0.0038928404389420254,0.020778112059031635,0.024827534131349988,0.0218282099457185,0.035047160381054585,0.023686933042030886,1.3311461955386799
1.0,2.0,all thresholds,0.09536464185593041,0.005495229689777891,0.0024192715772392895,0.05603248617321024,0.031417654415703,0.03383692599294229,0.08745014058891325,-0.044338428544449346,0.20304140991801448,0.09103687447845703,0.003570079122990414,0.004868448885157382,0.024050082670423634,0.07430591573092185,0.07897239143762624,0.08431384331099387,0.10127446369847999,0.08647662463119718,1.5607042728495626
1.0,1.0,all thresholds,0.2592962418092425,0.005495229689777891,0.0024192715772392895,0.2821479086791104,-0.03076616813688504,-0.028346896559645753,0.25138174054222534,-0.20827002849776144,0.03910980996470239,0.021798731076155143,0.003570079122990414,0.004868448885157382,0.04116570019582938,0.04621681027531259,0.046493761846013774,0.020929892879763042,0.026906934205818876,0.02073680292165366,0.8909573057588185
1.0,0.5,all thresholds,0.32412070206459975,0.005495229689777891,0.0024192715772392895,0.3563201006981913,-0.0401138999006087,-0.037694628323369415,0.3162062007975826,-0.2730944887531187,-0.02571465029065492,0.050078775355995225,0.003570079122990414,0.004868448885157382,0.017504530279401014,0.05627747152013855,0.056896694776345035,0.05057984108924787,0.062321050077208326,0.05059142655766998,0.8874217316901081
0.5,inf,all thresholds,0.019230247969767123,0.005495229689777891,0.013735018279989231,0.0,0.0,0.013735018279989231,0.0,0.30046900241672825,0.2791758038041777,0.011958214880542007,0.003570079122990414,0.00937800304807804,0.0,0.0,0.00937800304807804,0.0,0.16344678461534545,0.007261638283048688,
0.5,8.0,all thresholds,0.16877430281489067,0.005495229689777891,0.013735018279989231,0.020384394648432065,0.1291596601966915,0.14289467847668075,0.14954405484512356,0.1509249475716047,0.1296317489590542,0.12613093292890137,0.003570079122990414,0.00937800304807804,0.0041032382173695715,0.11270728243872745,0.12199923125887903,0.11418449061084834,0.11288930031259745,0.12142028801232335,7.336202885800499
0.5,4.0,all thresholds,0.23719391020455802,0.005495229689777891,0.013735018279989231,0.02723692530376452,0.19072673693102637,0.2044617552110156,0.21796366223479088,0.08250534018193739,0.06121214156938686,0.047053463657050675,0.003570079122990414,0.00937800304807804,0.0038928404389420254,0.04043943266677235,0.0432156032921064,0.0406518751940075,0.16336505346053015,0.043733491663471596,8.002506149424484
0.5,2.0,all thresholds,0.2867416383616529,0.005495229689777891,0.013735018279989231,0.05603248617321024,0.21147890421867557,0.2252139224986648,0.2675113903918858,0.03295761202484248,0.011664413412291944,0.037853652227260504,0.003570079122990414,0.00937800304807804,0.024050082670423634,0.028928367497287277,0.022474853317522494,0.031478635540760525,0.179415944547701,0.034136328828212076,4.7742195405169445
0.5,1.0,all thresholds,0.3133077026106716,0.005495229689777891,0.013735018279989231,0.2821479086791104,0.011929545961794142,0.025664564241783372,0.2940774546409045,0.006391547775823798,-0.014901650836726739,0.024739459407091307,0.003570079122990414,0.00937800304807804,0.04116570019582938,0.043369588047602686,0.04378645940227831,0.024377773005730654,0.1708771551605207,0.022927566735430758,1.0422811780446748
0.5,0.5,all thresholds,0.4682496957834253,0.005495229689777891,0.013735018279989231,0.3563201006981913,0.09269934711546689,0.1064343653954561,0.44901944781365816,-0.1485504453969299,-0.16984364400948043,0.15109880259815212,0.003570079122990414,0.00937800304807804,0.017504530279401014,0.15041488297495031,0.1447320415945544,0.1549454884524159,0.29432387076222455,0.15179640514340795,1.2601575014539654
0.4,inf,all thresholds,0.035539458696192454,0.005495229689777891,0.030044229006414565,0.0,0.0,0.030044229006414565,0.0,0.31211428631019034,0.26286659307775245,0.034426146546517586,0.003570079122990414,0.031762059762848925,0.0,0.0,0.031762059762848925,0.0,0.15449189665566448,0.029715305186985286,
0.4,8.0,all thresholds,0.20809820905742493,0.005495229689777891,0.030044229006414565,0.020384394648432065,0.1521743557128004,0.18221858471921498,0.17255875036123247,0.13955553594895784,0.09030784271651994,0.14253532040582254,0.003570079122990414,0.031762059762848925,0.0041032382173695715,0.12907025080398113,0.13721242069506415,0.13167548872417945,0.17245054661175163,0.13860158931185088,8.465237910535912
0.4,4.0,all thresholds,0.28112716874632965,0.005495229689777891,0.030044229006414565,0.02723692530376452,0.2183507847463727,0.24839501375278722,0.2455877100501372,0.06652657626005312,0.01727888302761522,0.046341363614042064,0.003570079122990414,0.031762059762848925,0.0038928404389420254,0.05078059681271869,0.0433417298200305,0.049668400538119196,0.17394156851414994,0.04248412666766134,9.016719299670495
0.4,2.0,all thresholds,0.29815985919248295,0.005495229689777891,0.030044229006414565,0.05603248617321024,0.2065879143230803,0.23663214332949484,0.26262040049629054,0.04949388581389982,0.0002461925814619114,0.04706915092998722,0.003570079122990414,0.031762059762848925,0.024050082670423634,0.04948819878118656,0.028962500481443842,0.0447651955052383,0.16786247266511628,0.043007367051264796,4.6869310721724196
0.4,1.0,all thresholds,0.3340279046929474,0.005495229689777891,0.030044229006414565,0.2821479086791104,0.01634053731764457,0.046384766324059135,0.29848844599675495,0.013625840313435401,-0.0356218529190025,0.06717854232162118,0.003570079122990414,0.031762059762848925,0.04116570019582938,0.06366992357612272,0.06425083041385532,0.07134512405986096,0.20519323088602673,0.06326576757697049,1.0579147915507991
0.4,0.5,all thresholds,0.48610629662044574,0.005495229689777891,0.030044229006414565,0.3563201006981913,0.094246737226062,0.12429096623247657,0.4505668379242533,-0.13845255161406297,-0.18770024484650089,0.03682120080688059,0.003570079122990414,0.031762059762848925,0.017504530279401014,0.03537870885711515,0.0474541678290134,0.02243790759239127,0.15914171140984584,0.03322305075748781,1.2645001981122879
0.3,inf,all thresholds,0.15598137936968673,0.005495229689777891,0.15048614967990884,0.0,0.0,0.15048614967990884,0.0,0.27717876832360966,0.14242467240425816,0.21266671834125492,0.003570079122990414,0.21000400886283643,0.0,0.0,0.21000400886283643,0.0,0.11294203915640165,0.20795672091876316,
0.3,8.0,all thresholds,0.27752442491880464,0.005495229689777891,0.15048614967990884,0.020384394648432065,0.10115865090068583,0.2516448005805947,0.1215430455491179,0.15563572277449175,0.02088162685514025,0.04570838748067988,0.003570079122990414,0.21000400886283643,0.0041032382173695715,0.2121874657169533,0.040068577902058956,0.2134018948989875,0.23321475488970564,0.04242787467749126,5.9625535928518145
0.3,4.0,all thresholds,0.28410082738299136,0.005495229689777891,0.15048614967990884,0.02723692530376452,0.10088252270954012,0.25136867238944893,0.12811944801330463,0.149059320310305,0.014305224390953507,0.0762322657380953,0.003570079122990414,0.21000400886283643,0.0038928404389420254,0.23627829007971324,0.0736363043042887,0.23721036654481004,0.24971144310359272,0.07429372794972514,4.703888070493653
0.3,2.0,all thresholds,0.28013655329399595,0.005495229689777891,0.15048614967990884,0.05603248617321024,0.06812268775109903,0.21860883743100787,0.12415517392430926,0.15302359439930038,0.01826949847994889,0.030005412973650794,0.003570079122990414,0.21000400886283643,0.024050082670423634,0.22896845574559455,0.026744789341063006,0.21666229367169781,0.24352489544250594,0.028318333689044062,2.2157712856166154
0.3,1.0,all thresholds,0.3430555282673342,0.005495229689777891,0.15048614967990884,0.2821479086791104,-0.0950737597814629,0.05541238989844593,0.18707414889764742,0.09010461942596222,-0.044649476493389295,0.07292157479992181,0.003570079122990414,0.21000400886283643,0.04116570019582938,0.2184939072942297,0.07767224374382019,0.23973671321774742,0.25484831444709755,0.07136884731060707,0.6630357452353429
0.3,0.5,all thresholds,0.5155042281274477,0.005495229689777891,0.15048614967990884,0.3563201006981913,0.0032027480595695863,0.15368889773947841,0.3595228487577609,-0.08234408043415124,-0.21709817635350273,0.2537583760032884,0.003570079122990414,0.21000400886283643,0.017504530279401014,0.39985744992997213,0.25190271658987057,0.4007150252718649,0.4004111715259717,0.2508031988610418,1.0089884013090868
0.2,inf,all thresholds,0.17356759543082642,0.005495229689777891,0.16807236574104853,0.0,0.0,0.16807236574104853,0.0,0.22649643230755312,0.12483845634311845,0.14151951272737667,0.003570079122990414,0.1415036256450955,0.0,0.0,0.1415036256450955,0.0,0.1869315737887934,0.13975132703980458,
0.2,8.0,all thresholds,0.2766352539574851,0.005495229689777891,0.16807236574104853,0.020384394648432065,0.08268326387822661,0.2507556296192751,0.10306765852665867,0.12342877378089448,0.021770797816459783,0.017408395590777774,0.003570079122990414,0.1415036256450955,0.0041032382173695715,0.12905524076111446,0.0205725378490748,0.13075983376991282,0.1322487116051481,0.01728424611640228,5.056204037660077
0.2,4.0,all thresholds,0.27140824058345453,0.005495229689777891,0.16807236574104853,0.02723692530376452,0.07060371984886361,0.23867608558991216,0.09784064515262812,0.128655787154925,0.02699781119049032,0.015342833599314567,0.003570079122990414,0.1415036256450955,0.0038928404389420254,0.12953243454910462,0.013936870130994997,0.13042766645149495,0.12235236174320954,0.011759912102411103,3.5922059506145945
0.2,2.0,all thresholds,0.2734794384649627,0.005495229689777891,0.16807236574104853,0.05603248617321024,0.04387935686092602,0.21195172260197456,0.09991184303413626,0.1265845892734169,0.024926613308982198,0.008903538779039823,0.003570079122990414,0.1415036256450955,0.024050082670423634,0.1393091581490547,0.027867936227547498,0.13305170322952303,0.1344627968147777,0.010467375915820502,1.783105656338077
0.2,1.0,all thresholds,0.29452871538426906,0.005495229689777891,0.16807236574104853,0.2821479086791104,-0.16118678872566772,0.0068855770153807986,0.12096111995344261,0.10553531235411051,0.003877336389675836,0.018420425467035675,0.003570079122990414,0.1415036256450955,0.04116570019582938,0.11424349687233157,0.041329640835874294,0.13939996071106855,0.12561292108107086,0.01681806204177784,0.42871528100182693
0.2,0.5,all thresholds,0.4582027508432664,0.005495229689777891,0.16807236574104853,0.3563201006981913,-0.07168494528575135,0.09638742045529719,0.28463515541244,-0.058138723104886825,-0.1597966990693215,0.04669141140973767,0.003570079122990414,0.1415036256450955,0.017504530279401014,0.15007754763122788,0.04581445238645227,0.14883952405870016,0.14828583409380963,0.04817515462101755,0.7988186881815305
