alpha,epsilon,n_thresholds,p_t_min,p_t_max,n_safe_total,longest_run,width,failure_point,width_trivial,width_local,window
10.0,inf,95,0.01,0.95,95,95,1.0,False,1.0,1.0,all thresholds
10.0,8.0,0,,,0,0,0.0,True,0.9578947368421052,0.0,all thresholds
10.0,4.0,0,,,0,0,0.0,True,0.9578947368421052,0.0,all thresholds
10.0,2.0,0,,,0,0,0.0,True,0.9473684210526315,0.0,all thresholds
10.0,1.0,0,,,0,0,0.0,True,0.5789473684210527,0.0,all thresholds
10.0,0.5,0,,,0,0,0.0,True,0.3684210526315789,0.0,all thresholds
1.0,inf,95,0.01,0.95,95,95,1.0,False,1.0,1.0,all thresholds
1.0,8.0,85,0.11,0.95,85,85,0.8947368421052632,False,0.9578947368421052,0.8947368421052632,all thresholds
1.0,4.0,76,0.15,0.9,76,76,0.8,False,0.9578947368421052,0.8,all thresholds
1.0,2.0,0,,,0,0,0.0,True,0.9578947368421052,0.0,all thresholds
1.0,1.0,0,,,0,0,0.0,True,0.6526315789473685,0.010526315789473684,all thresholds
1.0,0.5,0,,,0,0,0.0,True,0.35789473684210527,0.0,all thresholds
0.5,inf,95,0.01,0.95,95,95,1.0,False,1.0,1.0,all thresholds
0.5,8.0,78,0.14,0.91,78,78,0.8210526315789474,False,0.8210526315789474,1.0,all thresholds
0.5,4.0,12,0.72,0.83,18,12,0.12631578947368421,False,0.7368421052631579,0.45263157894736844,all thresholds
0.5,2.0,0,,,1,1,0.0,True,0.5368421052631579,0.35789473684210527,all thresholds
0.5,1.0,0,,,1,1,0.0,True,0.30526315789473685,0.30526315789473685,all thresholds
0.5,0.5,0,,,0,0,0.0,True,0.12631578947368421,0.15789473684210525,all thresholds
0.4,inf,95,0.01,0.95,95,95,1.0,False,1.0,1.0,all thresholds
0.4,8.0,44,0.45,0.88,68,44,0.4631578947368421,False,0.7894736842105263,0.9263157894736842,all thresholds
0.4,4.0,0,,,0,0,0.0,True,0.5157894736842106,0.37894736842105264,all thresholds
0.4,2.0,0,,,0,0,0.0,True,0.43157894736842106,0.35789473684210527,all thresholds
0.4,1.0,0,,,0,0,0.0,True,0.3157894736842105,0.3368421052631579,all thresholds
0.4,0.5,0,,,0,0,0.0,True,0.11578947368421053,0.2,all thresholds
0.3,inf,95,0.01,0.95,95,95,1.0,False,1.0,1.0,all thresholds
0.3,8.0,14,0.62,0.75,14,14,0.14736842105263157,False,0.5263157894736842,0.5473684210526316,all thresholds
0.3,4.0,6,0.66,0.71,7,6,0.06315789473684211,False,0.5263157894736842,0.5368421052631579,all thresholds
0.3,2.0,7,0.67,0.73,7,7,0.07368421052631578,False,0.49473684210526314,0.5263157894736842,all thresholds
0.3,1.0,0,,,0,0,0.0,True,0.23157894736842105,0.35789473684210527,all thresholds
0.3,0.5,0,,,0,0,0.0,True,0.05263157894736842,0.09473684210526316,all thresholds
0.2,inf,95,0.01,0.95,95,95,1.0,False,1.0,1.0,all thresholds
0.2,8.0,11,0.68,0.78,12,11,0.11578947368421053,False,0.5157894736842106,0.45263157894736844,all thresholds
0.2,4.0,9,0.69,0.77,11,9,0.09473684210526316,False,0.5578947368421052,0.4842105263157895,all thresholds
0.2,2.0,4,0.71,0.74,5,4,0.042105263157894736,False,0.5473684210526316,0.47368421052631576,all thresholds
0.2,1.0,0,,,1,1,0.0,True,0.3894736842105263,0.43157894736842106,all thresholds
0.2,0.5,0,,,0,0,0.0,True,0.15789473684210525,0.1368421052631579,all thresholds
10.0,inf,20,0.01,0.2,20,20,1.0,False,1.0,1.0,0.01-0.2
10.0,8.0,0,,,0,0,0.0,True,0.8,0.0,0.01-0.2
10.0,4.0,0,,,0,0,0.0,True,0.8,0.0,0.01-0.2
10.0,2.0,0,,,0,0,0.0,True,0.75,0.0,0.01-0.2
10.0,1.0,0,,,0,0,0.0,True,0.0,0.0,0.01-0.2
10.0,0.5,0,,,0,0,0.0,True,0.0,0.0,0.01-0.2
1.0,inf,20,0.01,0.2,20,20,1.0,False,1.0,1.0,0.01-0.2
1.0,8.0,10,0.11,0.2,10,10,0.5,False,0.8,0.5,0.01-0.2
1.0,4.0,6,0.15,0.2,6,6,0.3,False,0.8,0.3,0.01-0.2
1.0,2.0,0,,,0,0,0.0,True,0.8,0.0,0.01-0.2
1.0,1.0,0,,,0,0,0.0,True,0.15,0.05,0.01-0.2
1.0,0.5,0,,,0,0,0.0,True,0.0,0.0,0.01-0.2
0.5,inf,20,0.01,0.2,20,20,1.0,False,1.0,1.0,0.01-0.2
0.5,8.0,7,0.14,0.2,7,7,0.35,False,0.35,1.0,0.01-0.2
0.5,4.0,5,0.15,0.19,6,5,0.25,False,0.35,0.95,0.01-0.2
0.5,2.0,0,,,1,1,0.0,True,0.05,0.8,0.01-0.2
0.5,1.0,0,,,1,1,0.0,True,0.05,0.7,0.01-0.2
0.5,0.5,0,,,0,0,0.0,True,0.0,0.5,0.01-0.2
0.4,inf,20,0.01,0.2,20,20,1.0,False,1.0,1.0,0.01-0.2
0.4,8.0,7,0.14,0.2,7,7,0.35,False,0.35,1.0,0.01-0.2
0.4,4.0,0,,,0,0,0.0,True,0.0,0.75,0.01-0.2
0.4,2.0,0,,,0,0,0.0,True,0.0,0.75,0.01-0.2
0.4,1.0,0,,,0,0,0.0,True,0.0,0.9,0.01-0.2
0.4,0.5,0,,,0,0,0.0,True,0.0,0.75,0.01-0.2
0.3,inf,20,0.01,0.2,20,20,1.0,False,1.0,1.0,0.01-0.2
0.3,8.0,0,,,0,0,0.0,True,0.0,0.9,0.01-0.2
0.3,4.0,0,,,1,1,0.0,True,0.05,1.0,0.01-0.2
0.3,2.0,0,,,0,0,0.0,True,0.0,1.0,0.01-0.2
0.3,1.0,0,,,0,0,0.0,True,0.0,0.6,0.01-0.2
0.3,0.5,0,,,0,0,0.0,True,0.0,0.0,0.01-0.2
0.2,inf,20,0.01,0.2,20,20,1.0,False,1.0,1.0,0.01-0.2
0.2,8.0,0,,,1,1,0.0,True,0.05,0.75,0.01-0.2
0.2,4.0,0,,,2,2,0.0,True,0.1,0.95,0.01-0.2
0.2,2.0,0,,,1,1,0.0,True,0.05,1.0,0.01-0.2
0.2,1.0,0,,,1,1,0.0,True,0.05,0.9,0.01-0.2
0.2,0.5,0,,,0,0,0.0,True,0.0,0.1,0.01-0.2
