round,accuracy,loss,epsilon,alpha,seed,completed
0,0.5,0.7393116287209771,inf,0.4,44,True
1,0.5,0.6951954148032449,inf,0.4,44,True
2,0.6540275761973875,0.6764525161548094,inf,0.4,44,True
3,0.5025399129172714,0.6779879995367744,inf,0.4,44,True
4,0.6050435413642961,0.6656240360303358,inf,0.4,44,True
5,0.5,0.7866079665043137,inf,0.4,44,True
6,0.5,0.8274608159607107,inf,0.4,44,True
7,0.5,0.8865760774774984,inf,0.4,44,True
8,0.5264876632801161,0.6946307122707367,inf,0.4,44,True
9,0.5,0.844584355300123,inf,0.4,44,True
10,0.5128809869375908,0.7395251989364624,inf,0.4,44,True
11,0.5,0.8383088701150634,inf,0.4,44,True
12,0.5078011611030478,0.7502381205558777,inf,0.4,44,True
13,0.5,0.9034108783711088,inf,0.4,44,True
14,0.5702104499274311,0.6656979390166022,inf,0.4,44,True
15,0.5,0.9297924075614322,inf,0.4,44,True
16,0.5317489114658926,0.7074676196683537,inf,0.4,44,True
17,0.5,0.864485043016347,inf,0.4,44,True
18,0.5879898403483309,0.6583620662038977,inf,0.4,44,True
19,0.5114296081277213,0.7514985217289492,inf,0.4,44,True
20,0.579644412191582,0.6686967787417498,inf,0.4,44,True
21,0.5,0.918117611923001,inf,0.4,44,True
22,0.5137880986937591,0.7389899749647487,inf,0.4,44,True
23,0.5,0.8358740183440122,inf,0.4,44,True
24,0.6805152394775036,0.6162262653762643,inf,0.4,44,True
25,0.5576923076923077,0.7306999875740572,inf,0.4,44,True
26,0.6509433962264151,0.6293495012955233,inf,0.4,44,True
27,0.5399129172714079,0.7973904325203462,inf,0.4,44,True
28,0.591255442670537,0.6614672839641571,inf,0.4,44,True
29,0.5029027576197388,0.8111910325559702,inf,0.4,44,True
30,0.6952104499274311,0.6010074371641333,inf,0.4,44,True
31,0.612300435413643,0.7164523933421482,inf,0.4,44,True
32,0.613388969521045,0.6449834866957231,inf,0.4,44,True
33,0.5010885341074021,0.7596841928633776,inf,0.4,44,True
34,0.6816037735849056,0.5954556702212854,inf,0.4,44,True
35,0.5631349782293179,0.7926362265240062,inf,0.4,44,True
36,0.5616835994194485,0.6651175591078672,inf,0.4,44,True
37,0.5001814223512336,0.7593728324229067,inf,0.4,44,True
38,0.5712989840348331,0.6564727479761298,inf,0.4,44,True
39,0.5029027576197388,0.8646683835170486,inf,0.4,44,True
40,0.8207547169811321,0.4490784426981752,inf,0.4,44,True
41,0.7792089985486212,0.469647443768653,inf,0.4,44,True
42,0.8564949201741655,0.3981217721646482,inf,0.4,44,True
43,0.7877358490566038,0.4933454328301278,inf,0.4,44,True
44,0.8811683599419449,0.3147106014869429,inf,0.4,44,True
45,0.8369013062409288,0.3521259147673845,inf,0.4,44,True
46,0.9027576197387518,0.2445988146249543,inf,0.4,44,True
47,0.905478955007257,0.2447845066304911,inf,0.4,44,True
48,0.8858853410740203,0.3149469819935885,inf,0.4,44,True
49,0.8238388969521045,0.4731320878914134,inf,0.4,44,True
50,0.9223512336719883,0.2148776073008775,inf,0.4,44,True
51,0.8902394775036284,0.3014868582090871,inf,0.4,44,True
52,0.9328737300435412,0.1892677109519189,inf,0.4,44,True
53,0.9009433962264152,0.271846899932081,inf,0.4,44,True
54,0.8671988388969522,0.3216814782301133,inf,0.4,44,True
55,0.9241654571843252,0.2000816600735891,inf,0.4,44,True
56,0.9261611030478956,0.1956712264059619,inf,0.4,44,True
57,0.9326923076923076,0.1984286243519322,inf,0.4,44,True
58,0.932510885341074,0.1887301912700588,inf,0.4,44,True
59,0.9363207547169812,0.1789635269987312,inf,0.4,44,True
60,0.9257982583454282,0.2060763212767514,inf,0.4,44,True
61,0.9317851959361392,0.1861733266956765,inf,0.4,44,True
62,0.9394049346879536,0.183447124605829,inf,0.4,44,True
63,0.907656023222061,0.2418244393034414,inf,0.4,44,True
64,0.9370464441219158,0.175736696163023,inf,0.4,44,True
65,0.9372278664731496,0.1861273897600106,inf,0.4,44,True
66,0.9390420899854862,0.1743379637641324,inf,0.4,44,True
67,0.9350507982583456,0.1870163993232629,inf,0.4,44,True
68,0.9383164005805515,0.1720891755328259,inf,0.4,44,True
69,0.941400580551524,0.1720354747958481,inf,0.4,44,True
70,0.9316037735849056,0.183266754897142,inf,0.4,44,True
71,0.9412191582002902,0.1682419820942662,inf,0.4,44,True
72,0.941944847605225,0.1681984753178602,inf,0.4,44,True
73,0.9339622641509434,0.1991755937818776,inf,0.4,44,True
74,0.9410377358490566,0.1688130525660447,inf,0.4,44,True
75,0.9366835994194485,0.1772029001519761,inf,0.4,44,True
76,0.9397677793904208,0.1730637099085883,inf,0.4,44,True
77,0.9417634252539911,0.1666396314870905,inf,0.4,44,True
78,0.9372278664731496,0.1792547135317528,inf,0.4,44,True
79,0.9415820029027576,0.1655687495896762,inf,0.4,44,True
80,0.93922351233672,0.1697755442000925,inf,0.4,44,True
81,0.9455732946298984,0.1619676497383889,inf,0.4,44,True
82,0.9415820029027576,0.1656250101090832,inf,0.4,44,True
83,0.9328737300435412,0.1881545249542052,inf,0.4,44,True
84,0.9421262699564588,0.1641922370234335,inf,0.4,44,True
85,0.9375907111756168,0.1789284782822836,inf,0.4,44,True
86,0.9375907111756168,0.1770261940123005,inf,0.4,44,True
87,0.9388606676342526,0.1740811489607122,inf,0.4,44,True
88,0.9506531204644412,0.1500597146805375,inf,0.4,44,True
89,0.9390420899854862,0.1735834961079738,inf,0.4,44,True
90,0.920899854862119,0.2233996508981693,inf,0.4,44,True
91,0.9473875181422352,0.1654223252765157,inf,0.4,44,True
92,0.9437590711175616,0.1694793844680217,inf,0.4,44,True
93,0.9482946298984036,0.1575955286283384,inf,0.4,44,True
94,0.945754716981132,0.1638930706645954,inf,0.4,44,True
95,0.9531930333817126,0.1465402391358194,inf,0.4,44,True
96,0.9519230769230768,0.1516328818291764,inf,0.4,44,True
97,0.9506531204644412,0.159156266070733,inf,0.4,44,True
98,0.9506531204644412,0.1486635710197416,inf,0.4,44,True
99,0.9374092888243832,0.1781234620985659,inf,0.4,44,True
100,0.9504716981132076,0.1455981550865214,inf,0.4,44,True
0,0.5181422351233672,0.693336005915295,0.5,0.4,44,True
1,0.5,0.7315695055506446,0.5,0.4,44,True
2,0.5215892597968069,0.6861225515604019,0.5,0.4,44,True
3,0.5836357039187228,0.6768165203658018,0.5,0.4,44,True
4,0.5939767779390421,0.6686846586790952,0.5,0.4,44,True
5,0.5001814223512336,0.713226858865131,0.5,0.4,44,True
6,0.5439042089985486,0.688237336548892,0.5,0.4,44,True
7,0.5,0.7424460839141499,0.5,0.4,44,True
8,0.5063497822931785,0.7066431519660082,0.5,0.4,44,True
9,0.5,0.8023859072815288,0.5,0.4,44,True
10,0.5712989840348331,0.6763069846413352,0.5,0.4,44,True
11,0.6041364296081277,0.6658968193964525,0.5,0.4,44,True
12,0.5001814223512336,0.7341093542900953,0.5,0.4,44,True
13,0.5061683599419449,0.7187294363975525,0.5,0.4,44,True
14,0.4626269956458635,0.7087316296317361,0.5,0.4,44,True
15,0.5,0.8292105319825086,0.5,0.4,44,True
16,0.4929245283018867,0.7518271018158306,0.5,0.4,44,True
17,0.4992743105950653,0.8447377187284556,0.5,0.4,44,True
18,0.5001814223512336,0.7997953715649518,0.5,0.4,44,True
19,0.5136066763425254,0.6960887773470446,0.5,0.4,44,True
20,0.543178519593614,0.691788521679965,0.5,0.4,44,True
21,0.5038098693759071,0.787837877869606,0.5,0.4,44,True
22,0.5,0.886785896664316,0.5,0.4,44,True
23,0.5061683599419449,0.7372825701128353,0.5,0.4,44,True
24,0.5059869375907112,0.7206012024120851,0.5,0.4,44,True
25,0.5,1.1204523931850086,0.5,0.4,44,True
26,0.5032656023222061,0.8460021777586504,0.5,0.4,44,True
27,0.5611393323657474,0.7119706083427776,0.5,0.4,44,True
28,0.5404571843251088,0.8436161401596937,0.5,0.4,44,True
29,0.5513425253991292,0.729151653972539,0.5,0.4,44,True
30,0.5589622641509434,0.835883767767386,0.5,0.4,44,True
31,0.5533381712626996,0.8564323335886002,0.5,0.4,44,True
32,0.5781930333817126,0.7652421512387015,0.5,0.4,44,True
33,0.594521044992743,0.7303868979215622,0.5,0.4,44,True
34,0.5448113207547169,0.7331402884288267,0.5,0.4,44,True
35,0.5843613933236574,0.7012178342450749,0.5,0.4,44,True
36,0.5,1.5596027861941943,0.5,0.4,44,True
37,0.5647677793904209,0.698515768755566,0.5,0.4,44,True
38,0.5745645863570392,0.714456940239126,0.5,0.4,44,True
39,0.5014513788098693,0.934107373383912,0.5,0.4,44,True
40,0.5001814223512336,1.07555031505498,0.5,0.4,44,True
41,0.5449927431059507,0.730029436674985,0.5,0.4,44,True
42,0.4994557329462989,1.3307777907360685,0.5,0.4,44,True
43,0.4981857764876632,0.772607453844764,0.5,0.4,44,True
44,0.4994557329462989,0.993170863525434,0.5,0.4,44,True
45,0.5067126269956459,0.7230608029799028,0.5,0.4,44,True
46,0.4996371552975326,0.9622985232960094,0.5,0.4,44,True
47,0.5079825834542816,0.8472395728934895,0.5,0.4,44,True
48,0.5299346879535559,0.7828682999719273,0.5,0.4,44,True
49,0.5644049346879536,0.7284677082842047,0.5,0.4,44,True
50,0.5,1.4546409113840624,0.5,0.4,44,True
51,0.5313860667634253,0.7530367984013124,0.5,0.4,44,True
52,0.5,1.374541466886347,0.5,0.4,44,True
53,0.5019956458635704,0.8704572408036753,0.5,0.4,44,True
54,0.5010885341074021,0.8306146264076233,0.5,0.4,44,True
55,0.5014513788098693,0.9461961226029828,0.5,0.4,44,True
56,0.5019956458635704,0.996775442903692,0.5,0.4,44,True
57,0.581821480406386,0.6937692653049122,0.5,0.4,44,True
58,0.5039912917271407,1.0218975720080463,0.5,0.4,44,True
59,0.5419085631349783,0.8243663378737189,0.5,0.4,44,True
60,0.5800072568940493,0.6941694725643505,0.5,0.4,44,True
61,0.5442670537010159,0.8577430315993049,0.5,0.4,44,True
62,0.5293904208998549,0.8099494644186713,0.5,0.4,44,True
63,0.5734760522496372,0.7543918307531964,0.5,0.4,44,True
64,0.5937953555878084,0.725885656746951,0.5,0.4,44,True
65,0.5,1.0915439650416374,0.5,0.4,44,True
66,0.5478955007256894,0.7120295017957687,0.5,0.4,44,True
67,0.502721335268505,0.989526697180488,0.5,0.4,44,True
68,0.5201378809869376,0.720155961134217,0.5,0.4,44,True
69,0.5032656023222061,1.008048843931068,0.5,0.4,44,True
70,0.5,1.67977075278759,0.5,0.4,44,True
71,0.5243105950653121,0.8857258991761641,0.5,0.4,44,True
72,0.5297532656023222,0.8674447983503342,0.5,0.4,44,True
73,0.5867198838896952,0.680001509460536,0.5,0.4,44,True
74,0.5,1.5112472054633228,0.5,0.4,44,True
75,0.5979680696661829,0.7081037312746048,0.5,0.4,44,True
76,0.5800072568940493,0.7532086331735958,0.5,0.4,44,True
77,0.5413642960812772,0.7475960376587781,0.5,0.4,44,True
78,0.535377358490566,0.8004306934096597,0.5,0.4,44,True
79,0.5832728592162555,0.7874261628497731,0.5,0.4,44,True
80,0.611756168359942,0.6940729807723652,0.5,0.4,44,True
81,0.5856313497822931,0.7388378070159392,0.5,0.4,44,True
82,0.5025399129172714,1.1890377334573052,0.5,0.4,44,True
83,0.5671262699564587,0.7675034390254454,0.5,0.4,44,True
84,0.5286647314949202,0.7680412232875824,0.5,0.4,44,True
85,0.530478955007257,0.8095873797481711,0.5,0.4,44,True
86,0.5012699564586357,0.9739180911671032,0.5,0.4,44,True
87,0.5183236574746009,0.9004888290708716,0.5,0.4,44,True
88,0.5001814223512336,1.2714580744504929,0.5,0.4,44,True
89,0.532656023222061,0.7149145968935706,0.5,0.4,44,True
90,0.4796806966618287,0.7681147930296984,0.5,0.4,44,True
91,0.5165094339622641,0.7237117127938704,0.5,0.4,44,True
92,0.5025399129172714,0.7408694435249675,0.5,0.4,44,True
93,0.4816763425253991,0.8170503411780704,0.5,0.4,44,True
94,0.500544267053701,0.9454528465867044,0.5,0.4,44,True
95,0.5058055152394775,0.850842603228309,0.5,0.4,44,True
96,0.5141509433962265,0.7718557132916017,0.5,0.4,44,True
97,0.5,2.0825917314399374,0.5,0.4,44,True
98,0.4978229317851959,0.8327913135290146,0.5,0.4,44,True
99,0.5,1.3215355094183574,0.5,0.4,44,True
100,0.5678519593613933,0.6955750476230275,0.5,0.4,44,True
0,0.5181422351233672,0.693336005915295,1.0,0.4,44,True
1,0.5,0.7017552541060881,1.0,0.4,44,True
2,0.5,0.6959241086786444,1.0,0.4,44,True
3,0.5,0.7268629615957086,1.0,0.4,44,True
4,0.5043541364296081,0.6926310008222406,1.0,0.4,44,True
5,0.534833091436865,0.6798531860113144,1.0,0.4,44,True
6,0.5,0.7253080064600165,1.0,0.4,44,True
7,0.5088896952104499,0.6920618347146295,1.0,0.4,44,True
8,0.6231857764876633,0.6633461740883914,1.0,0.4,44,True
9,0.5087082728592163,0.7009276246482675,1.0,0.4,44,True
10,0.5,0.706302134828134,1.0,0.4,44,True
11,0.5,0.7116792357780717,1.0,0.4,44,True
12,0.5001814223512336,0.7387553717602383,1.0,0.4,44,True
13,0.5462626995645864,0.6825748424638401,1.0,0.4,44,True
14,0.5,0.7422192543745041,1.0,0.4,44,True
15,0.5101596516690856,0.7212534343654459,1.0,0.4,44,True
16,0.5034470246734397,0.765004692429846,1.0,0.4,44,True
17,0.5408200290275762,0.7012033089995384,1.0,0.4,44,True
18,0.5,1.0608952566981316,1.0,0.4,44,True
19,0.5039912917271407,0.7276364361697977,1.0,0.4,44,True
20,0.5030841799709724,0.749251201748848,1.0,0.4,44,True
21,0.500544267053701,0.8479296537962827,1.0,0.4,44,True
22,0.5154208998548622,0.7315363992344249,1.0,0.4,44,True
23,0.5001814223512336,0.7600699839266863,1.0,0.4,44,True
24,0.543722786647315,0.682424314997413,1.0,0.4,44,True
25,0.5870827285921626,0.6615157140926882,1.0,0.4,44,True
26,0.590711175616836,0.6578679816289381,1.0,0.4,44,True
27,0.5244920174165457,0.6978208476846869,1.0,0.4,44,True
28,0.522133526850508,0.7402367354793982,1.0,0.4,44,True
29,0.5023584905660378,0.8731455592946573,1.0,0.4,44,True
30,0.6239114658925979,0.6567480374466289,1.0,0.4,44,True
31,0.56966618287373,0.7024215852672403,1.0,0.4,44,True
32,0.511066763425254,0.7591587752103806,1.0,0.4,44,True
33,0.5148766328011611,0.7644370983947407,1.0,0.4,44,True
34,0.5714804063860668,0.6810456189242277,1.0,0.4,44,True
35,0.613933236574746,0.6533191935582594,1.0,0.4,44,True
36,0.5988751814223512,0.667662501335144,1.0,0.4,44,True
37,0.5856313497822931,0.6747735413638029,1.0,0.4,44,True
38,0.5065312046444121,0.7645359675992619,1.0,0.4,44,True
39,0.5976052249637155,0.6595458767630837,1.0,0.4,44,True
40,0.5163280116110305,0.7872353230010379,1.0,0.4,44,True
41,0.6413280116110305,0.6395220946181904,1.0,0.4,44,True
42,0.5678519593613933,0.7071029178120873,1.0,0.4,44,True
43,0.6159288824383164,0.656336478211663,1.0,0.4,44,True
44,0.5215892597968069,0.743571865287694,1.0,0.4,44,True
45,0.5114296081277213,0.8133759051561356,1.0,0.4,44,True
46,0.558055152394775,0.7390695864504034,1.0,0.4,44,True
47,0.5801886792452831,0.7229512672532689,1.0,0.4,44,True
48,0.5346516690856313,0.824933650818738,1.0,0.4,44,True
49,0.5504354136429608,0.7494687885046005,1.0,0.4,44,True
50,0.5965166908563135,0.6654614765535701,1.0,0.4,44,True
51,0.5939767779390421,0.6758655255491083,1.0,0.4,44,True
52,0.5370101596516691,0.7475059540434317,1.0,0.4,44,True
53,0.5566037735849056,0.731616394763643,1.0,0.4,44,True
54,0.5771044992743106,0.6851418858224695,1.0,0.4,44,True
55,0.5602322206095791,0.7356936992569403,1.0,0.4,44,True
56,0.6230043541364296,0.6936590779911388,1.0,0.4,44,True
57,0.6344339622641509,0.6500254828821529,1.0,0.4,44,True
58,0.5849056603773585,0.7123956267129291,1.0,0.4,44,True
59,0.5939767779390421,0.6802341626449064,1.0,0.4,44,True
60,0.6406023222060958,0.6603115607391704,1.0,0.4,44,True
61,0.6179245283018868,0.6733942749825391,1.0,0.4,44,True
62,0.5885341074020319,0.70163679393855,1.0,0.4,44,True
63,0.5849056603773585,0.7017911943522367,1.0,0.4,44,True
64,0.581277213352685,0.7222306999293241,1.0,0.4,44,True
65,0.5703918722786647,0.8025669848377054,1.0,0.4,44,True
66,0.535377358490566,0.8606477759101174,1.0,0.4,44,True
67,0.5380986937590712,0.8590813590721651,1.0,0.4,44,True
68,0.5420899854862119,0.7953577041625977,1.0,0.4,44,True
69,0.5820029027576198,0.7130696042017504,1.0,0.4,44,True
70,0.5781930333817126,0.7928135110573336,1.0,0.4,44,True
71,0.5743831640058055,0.7611575546589765,1.0,0.4,44,True
72,0.5803701015965167,0.7109476761384443,1.0,0.4,44,True
73,0.5185050798258345,0.8305593072013422,1.0,0.4,44,True
74,0.5774673439767779,0.7510020543228496,1.0,0.4,44,True
75,0.5241291727140783,0.964389983903278,1.0,0.4,44,True
76,0.5576923076923077,0.7537303553386168,1.0,0.4,44,True
77,0.5801886792452831,0.7443265095353127,1.0,0.4,44,True
78,0.5368287373004355,0.8940205519849603,1.0,0.4,44,True
79,0.5273947750362845,0.8787723244591192,1.0,0.4,44,True
80,0.5469883889695211,0.7988816039128737,1.0,0.4,44,True
81,0.5829100145137881,0.705568412488157,1.0,0.4,44,True
82,0.5101596516690856,0.8247412876649336,1.0,0.4,44,True
83,0.5455370101596516,0.7735428837212649,1.0,0.4,44,True
84,0.5010885341074021,0.9625746391036294,1.0,0.4,44,True
85,0.5615021770682148,0.6948493434624239,1.0,0.4,44,True
86,0.556966618287373,0.7168081971732053,1.0,0.4,44,True
87,0.5246734397677794,0.7382994185794484,1.0,0.4,44,True
88,0.5,1.291914290325208,1.0,0.4,44,True
89,0.5054426705370102,0.8513165204362436,1.0,0.4,44,True
90,0.5030841799709724,0.8943261192603544,1.0,0.4,44,True
91,0.5079825834542816,0.8620613515377045,1.0,0.4,44,True
92,0.5,0.9571803577921608,1.0,0.4,44,True
93,0.5018142235123367,0.9180410185998136,1.0,0.4,44,True
94,0.5146952104499274,0.7796445875005289,1.0,0.4,44,True
95,0.5747460087082729,0.6896466545083306,1.0,0.4,44,True
96,0.5754716981132075,0.6794236884875731,1.0,0.4,44,True
97,0.5413642960812772,0.7143105004321445,1.0,0.4,44,True
98,0.5001814223512336,0.9954440187324176,1.0,0.4,44,True
99,0.5039912917271407,0.7868631001223217,1.0,0.4,44,True
100,0.5041727140783745,0.7763516442342238,1.0,0.4,44,True
0,0.5181422351233672,0.693336005915295,2.0,0.4,44,True
1,0.5,0.7056642513383519,2.0,0.4,44,True
2,0.5003628447024674,0.6935564238916744,2.0,0.4,44,True
3,0.5776487663280117,0.6799252818931233,2.0,0.4,44,True
4,0.5,0.7413328601555391,2.0,0.4,44,True
5,0.5,0.6987035247412595,2.0,0.4,44,True
6,0.6545718432510885,0.6638574153184891,2.0,0.4,44,True
7,0.5088896952104499,0.6828841038725593,2.0,0.4,44,True
8,0.5007256894049347,0.7417033883658323,2.0,0.4,44,True
9,0.5876269956458636,0.6625009761615233,2.0,0.4,44,True
10,0.5888969521044993,0.6631580482829701,2.0,0.4,44,True
11,0.548621190130624,0.6899182092059742,2.0,0.4,44,True
12,0.5963352685050798,0.654280886054039,2.0,0.4,44,True
13,0.5255805515239478,0.7185015922242944,2.0,0.4,44,True
14,0.5009071117561683,0.7599295513196425,2.0,0.4,44,True
15,0.6502177068214804,0.6371554908427325,2.0,0.4,44,True
16,0.5631349782293179,0.688109656626528,2.0,0.4,44,True
17,0.5787373004354136,0.6747429235415026,2.0,0.4,44,True
18,0.5985123367198839,0.6529748602346941,2.0,0.4,44,True
19,0.6086719883889695,0.6445261131633412,2.0,0.4,44,True
20,0.5743831640058055,0.6822599653493274,2.0,0.4,44,True
21,0.6068577648766328,0.6486295414241877,2.0,0.4,44,True
22,0.5937953555878084,0.6712579876184464,2.0,0.4,44,True
23,0.5850870827285921,0.7192660604010929,2.0,0.4,44,True
24,0.6113933236574746,0.6564870828931982,2.0,0.4,44,True
25,0.6097605224963716,0.6652039939706976,2.0,0.4,44,True
26,0.6048621190130624,0.6793597516688433,2.0,0.4,44,True
27,0.5903483309143687,0.7341952635483309,2.0,0.4,44,True
28,0.6070391872278664,0.6655794151804664,2.0,0.4,44,True
29,0.6253628447024674,0.6543492417443882,2.0,0.4,44,True
30,0.5947024673439768,0.6879803159020164,2.0,0.4,44,True
31,0.6084905660377359,0.6573612879623066,2.0,0.4,44,True
32,0.5807329462989841,0.7546067197214473,2.0,0.4,44,True
33,0.6386066763425254,0.63987589830702,2.0,0.4,44,True
34,0.5825471698113207,0.7402981770309535,2.0,0.4,44,True
35,0.6164731494920174,0.6513125937093388,2.0,0.4,44,True
36,0.6407837445573294,0.6360102404247631,2.0,0.4,44,True
37,0.602322206095791,0.6751286299391226,2.0,0.4,44,True
38,0.6093976777939042,0.6596483059904792,2.0,0.4,44,True
39,0.5859941944847605,0.6867646358229897,2.0,0.4,44,True
40,0.5863570391872278,0.6715308590368791,2.0,0.4,44,True
41,0.6298984034833092,0.64009613069621,2.0,0.4,44,True
42,0.6025036284470247,0.6720100736076181,2.0,0.4,44,True
43,0.6059506531204645,0.6660198867321014,2.0,0.4,44,True
44,0.5560595065312046,0.7678285884586248,2.0,0.4,44,True
45,0.5957910014513788,0.6859444312073968,2.0,0.4,44,True
46,0.5780116110304789,0.7697742086919871,2.0,0.4,44,True
47,0.5974238026124818,0.6695095612244173,2.0,0.4,44,True
48,0.6113933236574746,0.6464633840051565,2.0,0.4,44,True
49,0.6328011611030478,0.6310542821884155,2.0,0.4,44,True
50,0.6077648766328012,0.651759925213727,2.0,0.4,44,True
51,0.6010522496371553,0.6650119058110497,2.0,0.4,44,True
52,0.6295355587808418,0.6391986175016924,2.0,0.4,44,True
53,0.6090348330914369,0.6764773496172645,2.0,0.4,44,True
54,0.6101233671988389,0.6644410220059481,2.0,0.4,44,True
55,0.6052249637155298,0.6880940557880835,2.0,0.4,44,True
56,0.6616473149492017,0.6220714883370833,2.0,0.4,44,True
57,0.6518505079825835,0.6219206709753383,2.0,0.4,44,True
58,0.636611030478955,0.6300413405353372,2.0,0.4,44,True
59,0.6663642960812772,0.610913176428188,2.0,0.4,44,True
60,0.637699564586357,0.6250295225869525,2.0,0.4,44,True
61,0.6233671988388969,0.645671087232503,2.0,0.4,44,True
62,0.625,0.6488107707012783,2.0,0.4,44,True
63,0.6108490566037735,0.661392820829695,2.0,0.4,44,True
64,0.6917634252539913,0.6013819209553979,2.0,0.4,44,True
65,0.6552975326560232,0.638128668747165,2.0,0.4,44,True
66,0.6921262699564587,0.5928209647536278,2.0,0.4,44,True
67,0.6912191582002902,0.597859114408493,2.0,0.4,44,True
68,0.6059506531204645,0.6989838948304002,2.0,0.4,44,True
69,0.660377358490566,0.6262196600437164,2.0,0.4,44,True
70,0.60177793904209,0.6755463650280779,2.0,0.4,44,True
71,0.6415094339622641,0.62929537079551,2.0,0.4,44,True
72,0.590711175616836,0.681420468471267,2.0,0.4,44,True
73,0.6522133526850508,0.6289382177320394,2.0,0.4,44,True
74,0.5634978229317852,0.7115837342359803,2.0,0.4,44,True
75,0.6427793904208998,0.6372929201884703,2.0,0.4,44,True
76,0.6605587808417998,0.6253267865289341,2.0,0.4,44,True
77,0.6823294629898403,0.611513765020804,2.0,0.4,44,True
78,0.6899492017416545,0.5989826660264622,2.0,0.4,44,True
79,0.6435050798258345,0.6395072550936178,2.0,0.4,44,True
80,0.589622641509434,0.6878936703909527,2.0,0.4,44,True
81,0.6152031930333817,0.672584284435619,2.0,0.4,44,True
82,0.5983309143686503,0.6835073341022838,2.0,0.4,44,True
83,0.5377358490566038,0.7558976459232244,2.0,0.4,44,True
84,0.6888606676342526,0.6072538183494047,2.0,0.4,44,True
85,0.6395137880986937,0.6447757001627575,2.0,0.4,44,True
86,0.6320754716981132,0.6540603813799944,2.0,0.4,44,True
87,0.6787010159651669,0.61592382599007,2.0,0.4,44,True
88,0.6242743105950653,0.6744771708141674,2.0,0.4,44,True
89,0.6008708272859217,0.7105121456763961,2.0,0.4,44,True
90,0.6266328011611031,0.6704796769402244,2.0,0.4,44,True
91,0.5939767779390421,0.7012790068984032,2.0,0.4,44,True
92,0.5727503628447025,0.7421937821940943,2.0,0.4,44,True
93,0.6104862119013063,0.6883812208067287,2.0,0.4,44,True
94,0.5575108853410741,0.8737057061357931,2.0,0.4,44,True
95,0.5821843251088534,0.7846490347927267,2.0,0.4,44,True
96,0.6660014513788098,0.6192786707119509,2.0,0.4,44,True
97,0.6113933236574746,0.693047013472427,2.0,0.4,44,True
98,0.6389695210449927,0.6468013660474257,2.0,0.4,44,True
99,0.6636429608127722,0.6101267595182766,2.0,0.4,44,True
100,0.6032293178519593,0.7183757207610391,2.0,0.4,44,True
0,0.5181422351233672,0.693336005915295,4.0,0.4,44,True
1,0.5,0.706543040546504,4.0,0.4,44,True
2,0.5,0.7003445530479605,4.0,0.4,44,True
3,0.5,0.6928836269812151,4.0,0.4,44,True
4,0.5030841799709724,0.6847424872896888,4.0,0.4,44,True
5,0.5001814223512336,0.6872706047513268,4.0,0.4,44,True
6,0.5085268505079826,0.6777674149383198,4.0,0.4,44,True
7,0.502721335268505,0.685683471235362,4.0,0.4,44,True
8,0.5016328011611031,0.6969337951053273,4.0,0.4,44,True
9,0.556422351233672,0.6724090792916038,4.0,0.4,44,True
10,0.5892597968069666,0.6610547642816197,4.0,0.4,44,True
11,0.5919811320754716,0.6703343418511477,4.0,0.4,44,True
12,0.6048621190130624,0.6565612554550171,4.0,0.4,44,True
13,0.5676705370101597,0.7198225124315782,4.0,0.4,44,True
14,0.6019593613933236,0.66944489560344,4.0,0.4,44,True
15,0.6066763425253991,0.6649413176558234,4.0,0.4,44,True
16,0.6110304789550073,0.6677772958170284,4.0,0.4,44,True
17,0.612844702467344,0.6671120551499453,4.0,0.4,44,True
18,0.612300435413643,0.67364263670011,4.0,0.4,44,True
19,0.6317126269956459,0.6440021382136778,4.0,0.4,44,True
20,0.6003265602322206,0.7004714845256372,4.0,0.4,44,True
21,0.6132075471698113,0.6661021126942201,4.0,0.4,44,True
22,0.6003265602322206,0.6808219416574999,4.0,0.4,44,True
23,0.5754716981132075,0.748531620610844,4.0,0.4,44,True
24,0.5974238026124818,0.6977049579674547,4.0,0.4,44,True
25,0.6331640058055152,0.6545896841721102,4.0,0.4,44,True
26,0.6293541364296081,0.670992532914335,4.0,0.4,44,True
27,0.6347968069666183,0.6639714356173169,4.0,0.4,44,True
28,0.6186502177068215,0.6800669120116667,4.0,0.4,44,True
29,0.6404208998548622,0.6381622376767072,4.0,0.4,44,True
30,0.6208272859216255,0.6748707138679244,4.0,0.4,44,True
31,0.6311683599419449,0.6585339883511717,4.0,0.4,44,True
32,0.6484034833091437,0.6342641629955985,4.0,0.4,44,True
33,0.6449564586357039,0.6423106437379663,4.0,0.4,44,True
34,0.6351596516690856,0.6546029936183583,4.0,0.4,44,True
35,0.6442307692307693,0.6429048167033629,4.0,0.4,44,True
36,0.6226415094339622,0.6925115097652782,4.0,0.4,44,True
37,0.6485849056603774,0.6411112763664939,4.0,0.4,44,True
38,0.637699564586357,0.6631222353740172,4.0,0.4,44,True
39,0.648766328011611,0.6411541707136414,4.0,0.4,44,True
40,0.6551161103047896,0.6386573070829565,4.0,0.4,44,True
41,0.6462264150943396,0.661785514517264,4.0,0.4,44,True
42,0.6260885341074021,0.7129977724768899,4.0,0.4,44,True
43,0.6418722786647315,0.6725501289421861,4.0,0.4,44,True
44,0.6351596516690856,0.6814422505823049,4.0,0.4,44,True
45,0.6449564586357039,0.6555612493645061,4.0,0.4,44,True
46,0.6583817126269956,0.6306013383648612,4.0,0.4,44,True
47,0.6511248185776488,0.6434613967483694,4.0,0.4,44,True
48,0.6565674891146589,0.6451143365014683,4.0,0.4,44,True
49,0.6498548621190131,0.6489384851672433,4.0,0.4,44,True
50,0.6309869375907112,0.6755331361835654,4.0,0.4,44,True
51,0.6337082728592163,0.6824324232610789,4.0,0.4,44,True
52,0.6425979680696662,0.6654064397920262,4.0,0.4,44,True
53,0.6398766328011611,0.6637622294100848,4.0,0.4,44,True
54,0.6288098693759071,0.6800971843979575,4.0,0.4,44,True
55,0.6391509433962265,0.6625754941593517,4.0,0.4,44,True
56,0.6081277213352685,0.7450023435733535,4.0,0.4,44,True
57,0.6224600870827286,0.6906753575259988,4.0,0.4,44,True
58,0.6315312046444121,0.6777827346866782,4.0,0.4,44,True
59,0.611756168359942,0.705521743405949,4.0,0.4,44,True
60,0.636066763425254,0.6586968980052255,4.0,0.4,44,True
61,0.6328011611030478,0.654968034137379,4.0,0.4,44,True
62,0.6026850507982583,0.7073031311685388,4.0,0.4,44,True
63,0.5972423802612482,0.7318188073960218,4.0,0.4,44,True
64,0.5985123367198839,0.7313208986412395,4.0,0.4,44,True
65,0.6173802612481858,0.6737349283966151,4.0,0.4,44,True
66,0.6153846153846154,0.6893622611056675,4.0,0.4,44,True
67,0.6008708272859217,0.7506594041531737,4.0,0.4,44,True
68,0.6130261248185777,0.6863475110043179,4.0,0.4,44,True
69,0.6113933236574746,0.6873996210369197,4.0,0.4,44,True
70,0.6070391872278664,0.6823283833536234,4.0,0.4,44,True
71,0.6014150943396226,0.7412649765610695,4.0,0.4,44,True
72,0.6124818577648766,0.6626302654092963,4.0,0.4,44,True
73,0.6034107402031931,0.7066055739467795,4.0,0.4,44,True
74,0.6280841799709724,0.6388223713094537,4.0,0.4,44,True
75,0.6035921625544267,0.6825115612962029,4.0,0.4,44,True
76,0.6164731494920174,0.6465741802345623,4.0,0.4,44,True
77,0.6059506531204645,0.6862535991451957,4.0,0.4,44,True
78,0.6103047895500726,0.6795908293940804,4.0,0.4,44,True
79,0.6342525399129173,0.6454824832352725,4.0,0.4,44,True
80,0.6260885341074021,0.6666865890676325,4.0,0.4,44,True
81,0.6050435413642961,0.7267291864210909,4.0,0.4,44,True
82,0.6092162554426706,0.7016653648831628,4.0,0.4,44,True
83,0.6208272859216255,0.6730227991938591,4.0,0.4,44,True
84,0.6055878084179971,0.723554750057784,4.0,0.4,44,True
85,0.6248185776487664,0.6740372309630568,4.0,0.4,44,True
86,0.6318940493468795,0.6617616645314477,4.0,0.4,44,True
87,0.6516690856313497,0.6349738307974555,4.0,0.4,44,True
88,0.625,0.6918382956223055,4.0,0.4,44,True
89,0.6304426705370102,0.6706438552249562,4.0,0.4,44,True
90,0.6097605224963716,0.7308491590348157,4.0,0.4,44,True
91,0.624455732946299,0.6810632788322188,4.0,0.4,44,True
92,0.6404208998548622,0.6448175500739705,4.0,0.4,44,True
93,0.6220972423802612,0.679374213245782,4.0,0.4,44,True
94,0.6284470246734397,0.6633428064259616,4.0,0.4,44,True
95,0.6092162554426706,0.7423062839291312,4.0,0.4,44,True
96,0.6418722786647315,0.6411176086826758,4.0,0.4,44,True
97,0.6269956458635704,0.6725896705280651,4.0,0.4,44,True
98,0.6233671988388969,0.6859585107727484,4.0,0.4,44,True
99,0.6320754716981132,0.6607636314901438,4.0,0.4,44,True
100,0.6195573294629898,0.7179252681407061,4.0,0.4,44,True
0,0.5181422351233672,0.693336005915295,8.0,0.4,44,True
1,0.5,0.6916965815153989,8.0,0.4,44,True
2,0.5,0.6968252929774198,8.0,0.4,44,True
3,0.5,0.6964595195921984,8.0,0.4,44,True
4,0.5,0.6996936757456172,8.0,0.4,44,True
5,0.5731132075471698,0.6705695512619886,8.0,0.4,44,True
6,0.5625907111756169,0.6749340011314913,8.0,0.4,44,True
7,0.5243105950653121,0.7007857073437084,8.0,0.4,44,True
8,0.5765602322206096,0.6783037741075862,8.0,0.4,44,True
9,0.5448113207547169,0.7047271037643607,8.0,0.4,44,True
10,0.576378809869376,0.686068060723218,8.0,0.4,44,True
11,0.5667634252539913,0.7147494405508041,8.0,0.4,44,True
12,0.5859941944847605,0.6846440746025606,8.0,0.4,44,True
13,0.5847242380261248,0.7061592543667013,8.0,0.4,44,True
14,0.5740203193033382,0.7421574545177546,8.0,0.4,44,True
15,0.5731132075471698,0.7531897310506214,8.0,0.4,44,True
16,0.5950653120464441,0.6976300864057108,8.0,0.4,44,True
17,0.604499274310595,0.6800133599476381,8.0,0.4,44,True
18,0.5936139332365747,0.7218492864207788,8.0,0.4,44,True
19,0.6074020319303338,0.6805659925395792,8.0,0.4,44,True
20,0.5930696661828737,0.7371297187425874,8.0,0.4,44,True
21,0.6291727140783745,0.6634948240085081,8.0,0.4,44,True
22,0.6093976777939042,0.6965890574184331,8.0,0.4,44,True
23,0.6304426705370102,0.6646134961735118,8.0,0.4,44,True
24,0.6289912917271407,0.6707306991923939,8.0,0.4,44,True
25,0.6240928882438317,0.6691428124904633,8.0,0.4,44,True
26,0.6179245283018868,0.6839534816416827,8.0,0.4,44,True
27,0.6251814223512336,0.6751585833050988,8.0,0.4,44,True
28,0.6072206095791002,0.7153904153542086,8.0,0.4,44,True
29,0.60177793904209,0.7357661310922016,8.0,0.4,44,True
30,0.6090348330914369,0.6977416385303844,8.0,0.4,44,True
31,0.6059506531204645,0.7128623832355846,8.0,0.4,44,True
32,0.6110304789550073,0.7007507275451313,8.0,0.4,44,True
33,0.6063134978229318,0.7129245021126487,8.0,0.4,44,True
34,0.60177793904209,0.762876692820679,8.0,0.4,44,True
35,0.6059506531204645,0.7460660487413406,8.0,0.4,44,True
36,0.636611030478955,0.6631648188287561,8.0,0.4,44,True
37,0.6157474600870827,0.6947923580353911,8.0,0.4,44,True
38,0.611756168359942,0.7087348787622019,8.0,0.4,44,True
39,0.6181059506531205,0.6817347190596841,8.0,0.4,44,True
40,0.6206458635703919,0.6664585498246279,8.0,0.4,44,True
41,0.6152031930333817,0.694195034829053,8.0,0.4,44,True
42,0.6142960812772134,0.7117607153274796,8.0,0.4,44,True
43,0.6406023222060958,0.6611621095375582,8.0,0.4,44,True
44,0.64822206095791,0.6501236097379164,8.0,0.4,44,True
45,0.6195573294629898,0.7100001532923091,8.0,0.4,44,True
46,0.6429608127721336,0.6591232148083773,8.0,0.4,44,True
47,0.6531204644412192,0.6466688012534921,8.0,0.4,44,True
48,0.6273584905660378,0.689229432832111,8.0,0.4,44,True
49,0.6473149492017417,0.6541546935384924,8.0,0.4,44,True
50,0.625,0.6954379569400441,8.0,0.4,44,True
51,0.6308055152394775,0.6978849111632868,8.0,0.4,44,True
52,0.6148403483309144,0.7349198697642847,8.0,0.4,44,True
53,0.6317126269956459,0.6661029444499449,8.0,0.4,44,True
54,0.6337082728592163,0.6590591628443111,8.0,0.4,44,True
55,0.6284470246734397,0.6974582225084305,8.0,0.4,44,True
56,0.6326197387518142,0.6770682849667289,8.0,0.4,44,True
57,0.6184687953555879,0.7276969504627314,8.0,0.4,44,True
58,0.6520319303338171,0.6523291035131975,8.0,0.4,44,True
59,0.6449564586357039,0.6722585091536696,8.0,0.4,44,True
60,0.6621915820029027,0.6328509206121619,8.0,0.4,44,True
61,0.6353410740203193,0.6903670484369452,8.0,0.4,44,True
62,0.6467706821480407,0.6625960279594768,8.0,0.4,44,True
63,0.6404208998548622,0.6771079606630586,8.0,0.4,44,True
64,0.6415094339622641,0.6740156784653664,8.0,0.4,44,True
65,0.6451378809869376,0.6616154021837495,8.0,0.4,44,True
66,0.6484034833091437,0.666278404945677,8.0,0.4,44,True
67,0.6340711175616836,0.705419660969214,8.0,0.4,44,True
68,0.6547532656023222,0.6545023227279837,8.0,0.4,44,True
69,0.6409651669085631,0.6748315861279314,8.0,0.4,44,True
70,0.6364296081277213,0.7039068483493545,8.0,0.4,44,True
71,0.6315312046444121,0.7293211302974008,8.0,0.4,44,True
72,0.6364296081277213,0.6874853988940065,8.0,0.4,44,True
73,0.6389695210449927,0.6944039132107388,8.0,0.4,44,True
74,0.6396952104499274,0.6949644786390391,8.0,0.4,44,True
75,0.6567489114658926,0.6537244428287853,8.0,0.4,44,True
76,0.6166545718432511,0.7886491560123183,8.0,0.4,44,True
77,0.6306240928882438,0.7402191974899985,8.0,0.4,44,True
78,0.6378809869375908,0.7199352864514698,8.0,0.4,44,True
79,0.6571117561683599,0.6496469337831844,8.0,0.4,44,True
80,0.6465892597968069,0.6579537831924178,8.0,0.4,44,True
81,0.636611030478955,0.6924100308255716,8.0,0.4,44,True
82,0.6696298984034833,0.6248768974434246,8.0,0.4,44,True
83,0.6641872278664731,0.6326332058418881,8.0,0.4,44,True
84,0.6440493468795355,0.670181087472222,8.0,0.4,44,True
85,0.6650943396226415,0.6313203857703642,8.0,0.4,44,True
86,0.6752539912917271,0.615414475852793,8.0,0.4,44,True
87,0.6692670537010159,0.6349625858393583,8.0,0.4,44,True
88,0.6692670537010159,0.636859848418019,8.0,0.4,44,True
89,0.6511248185776488,0.6713184646584771,8.0,0.4,44,True
90,0.660921625544267,0.6455907367847182,8.0,0.4,44,True
91,0.6335268505079826,0.7011516006155447,8.0,0.4,44,True
92,0.6358853410740203,0.7070710347457365,8.0,0.4,44,True
93,0.6300798258345428,0.7324279973452742,8.0,0.4,44,True
94,0.6623730043541364,0.6287550797516649,8.0,0.4,44,True
95,0.6536647314949202,0.6472674919800325,8.0,0.4,44,True
96,0.6643686502177069,0.6381467275998809,8.0,0.4,44,True
97,0.6654571843251088,0.648934890600768,8.0,0.4,44,True
98,0.6591074020319303,0.6481391753662716,8.0,0.4,44,True
99,0.6431422351233672,0.6616364134983583,8.0,0.4,44,True
100,0.6562046444121916,0.6458190747282722,8.0,0.4,44,True
