alpha,seed,epsilon,round,accuracy,loss,acc_media_ultimi10,acc_std_ultimi10,acc_max,acc_max_round,completed
0.2,42,0.5,100,0.5018142235123367,1.2414767877622084,0.5484579100145139,0.03505636631785763,0.611756168359942,22,True
0.2,42,1.0,100,0.591255442670537,0.736473791978576,0.6181603773584906,0.020703541630483713,0.646044992743106,91,True
0.2,42,2.0,100,0.6529390420899854,0.6330975903706118,0.6423258345428157,0.016557157259996243,0.6716255442670537,41,True
0.2,42,4.0,100,0.6469521044992743,0.6697478199546988,0.6486937590711175,0.012196356603398082,0.6678156748911466,81,True
0.2,42,8.0,100,0.6732583454281568,0.719845939766277,0.6753809869375907,0.0026705331757472996,0.6796081277213353,99,True
0.2,42,inf,100,0.5043541364296081,0.7960026237097654,0.6063134978229318,0.05835229001105916,0.6826923076923077,93,True
0.2,43,0.5,100,0.6514876632801161,0.6528435742313211,0.5884615384615385,0.059296788370922435,0.6514876632801161,100,True
0.2,43,1.0,100,0.5584179970972424,0.756445665251125,0.5983853410740204,0.017989814896654115,0.6230043541364296,27,True
0.2,43,2.0,100,0.6474963715529753,0.6426084407351234,0.6384252539912917,0.0237774815610644,0.6583817126269956,96,True
0.2,43,4.0,100,0.6678156748911466,0.6288249912587079,0.6568396226415094,0.0069412327514281206,0.6678156748911466,100,True
0.2,43,8.0,100,0.648766328011611,0.6733874529600143,0.650290275761974,0.009609944209154165,0.660921625544267,86,True
0.2,43,inf,100,0.7091799709724238,0.5424660498445685,0.741255442670537,0.09336975721089426,0.8537735849056604,97,True
0.2,44,0.5,100,0.5429970972423802,1.1284925030036406,0.5687590711175617,0.04082518020141913,0.6378809869375908,84,True
0.2,44,1.0,100,0.6284470246734397,0.6518286818807776,0.629843976777939,0.028379060517447968,0.6549346879535559,79,True
0.2,44,2.0,100,0.6347968069666183,0.6628190292553469,0.6633526850507983,0.02284996728390682,0.6877721335268505,88,True
0.2,44,4.0,100,0.6536647314949202,0.6575462540442293,0.6716981132075471,0.009261507870498042,0.68033381712627,99,True
0.2,44,8.0,100,0.6899492017416545,0.6353176168420098,0.6895500725689405,0.00886551381383554,0.6997460087082729,98,True
0.2,44,inf,100,0.9497460087082727,0.1421570683490823,0.949219883889695,0.0020408558603487036,0.951378809869376,99,True
0.3,42,0.5,100,0.5052612481857764,1.8615906563672155,0.5174709724238025,0.031036486986989516,0.6324383164005806,6,True
0.3,42,1.0,100,0.5170537010159652,1.4472490413622423,0.5881531204644412,0.0454479345320223,0.6416908563134979,98,True
0.3,42,2.0,100,0.6373367198838897,0.651448206468062,0.6380805515239477,0.013127327640300035,0.6522133526850508,63,True
0.3,42,4.0,100,0.6389695210449927,0.664466072212566,0.6367198838896952,0.02188213956839906,0.660921625544267,62,True
0.3,42,8.0,100,0.6571117561683599,0.7371356710791588,0.6672532656023222,0.008952804467004104,0.6750725689404935,95,True
0.3,42,inf,100,0.5495283018867925,0.6742649985985323,0.5191763425253991,0.024109696431866705,0.5560595065312046,96,True
0.3,43,0.5,100,0.5769230769230769,0.8243186744776639,0.565566037735849,0.03297200599492585,0.6465892597968069,71,True
0.3,43,1.0,100,0.6279027576197388,0.6579504717480053,0.6078737300435415,0.02531001830694757,0.6525761973875182,34,True
0.3,43,2.0,100,0.6872278664731495,0.5976311307061802,0.676088534107402,0.010403727789987669,0.6872278664731495,100,True
0.3,43,4.0,100,0.7324020319303338,0.5463918508453802,0.7387155297532656,0.012862320127849634,0.7579825834542816,96,True
0.3,43,8.0,100,0.7213352685050798,0.5656127563931725,0.7126088534107401,0.005028778285178189,0.7213352685050798,100,True
0.3,43,inf,100,0.9506531204644412,0.1430280602706427,0.9516509433962265,0.0009417278363811296,0.9533744557329464,96,True
0.3,44,0.5,100,0.4994557329462989,1.845148434693163,0.4902031930333816,0.01117413760925992,0.5887155297532656,10,True
0.3,44,1.0,100,0.579644412191582,0.7072929848324169,0.5670537010159652,0.04354944356048853,0.6480406386066764,34,True
0.3,44,2.0,100,0.5852685050798259,0.7254387147047303,0.6033744557329463,0.021646321418223157,0.6514876632801161,91,True
0.3,44,4.0,100,0.601233671988389,0.779321551322937,0.6116654571843251,0.010680917261196878,0.6502177068214804,90,True
0.3,44,8.0,100,0.6491291727140783,0.6892754557457837,0.6510341074020319,0.006740219487862631,0.6683599419448476,94,True
0.3,44,inf,100,0.9428519593613932,0.1661710044030439,0.9416908563134978,0.0062690399474685425,0.9473875181422352,91,True
0.4,42,0.5,100,0.4949201741654572,1.0496798130598934,0.5357583454281567,0.045367233628235894,0.6462264150943396,68,True
0.4,42,1.0,100,0.6142960812772134,0.7010098831220106,0.6269049346879536,0.02330086643810331,0.6571117561683599,94,True
0.4,42,2.0,100,0.6540275761973875,0.7380640764128078,0.6433055152394775,0.011993238730243596,0.668178519593614,12,True
0.4,42,4.0,100,0.68033381712627,0.7135942334478552,0.6722423802612482,0.00599347011823438,0.681966618287373,65,True
0.4,42,8.0,100,0.6904934687953556,0.7569426460699602,0.6930333817126269,0.003100146496849602,0.6993831640058055,92,True
0.4,42,inf,100,0.8555878084179971,0.3466678735884753,0.8973330914368651,0.02535653840310322,0.9297895500725688,99,True
0.4,43,0.5,100,0.5019956458635704,1.3140489648688922,0.5765783744557329,0.043275596775938785,0.6458635703918723,29,True
0.4,43,1.0,100,0.6112119013062409,0.6927155296910893,0.6306603773584906,0.01652831855416161,0.6750725689404935,83,True
0.4,43,2.0,100,0.6787010159651669,0.5998188893903386,0.6717525399129174,0.017574583754806115,0.690856313497823,92,True
0.4,43,4.0,100,0.7128084179970973,0.565446440469135,0.7046262699564586,0.00861642639293498,0.714622641509434,98,True
0.4,43,8.0,100,0.934687953555878,0.2304738188554025,0.9355950653120464,0.001338651646176781,0.9372278664731496,94,True
0.4,43,inf,100,0.9510159651669086,0.1377397890372032,0.9517597968069665,0.0035173381002527805,0.955732946298984,88,True
0.4,44,0.5,100,0.5678519593613933,0.6955750476230275,0.5086901306240929,0.022858168333362554,0.611756168359942,80,True
0.4,44,1.0,100,0.5041727140783745,0.7763516442342238,0.5224419448476053,0.030320283385152937,0.6413280116110305,41,True
0.4,44,2.0,100,0.6032293178519593,0.7183757207610391,0.6100145137880987,0.03662737102631008,0.6921262699564587,66,True
0.4,44,4.0,100,0.6195573294629898,0.7179252681407061,0.6268505079825835,0.009685605274970008,0.6583817126269956,46,True
0.4,44,8.0,100,0.6562046444121916,0.6458190747282722,0.6503809869375907,0.013524979163145804,0.6752539912917271,86,True
0.4,44,inf,100,0.9504716981132076,0.1455981550865214,0.9479499274310597,0.004692456371857067,0.9531930333817126,95,True
0.5,42,0.5,100,0.5997822931785196,1.0258738114075228,0.604589985486212,0.03724510978438435,0.6467706821480407,50,True
0.5,42,1.0,100,0.6302612481857764,0.6925206970084797,0.5941037735849057,0.026439025324166233,0.6400580551523948,42,True
0.5,42,2.0,100,0.6634615384615384,0.6828374469822104,0.6609034833091437,0.005600601980813666,0.6727140783744557,68,True
0.5,42,4.0,100,0.6926705370101597,0.6280292827974666,0.6902939042089986,0.004178800872462055,0.6957547169811321,98,True
0.5,42,8.0,100,0.6783381712626996,0.7949122881347482,0.683200290275762,0.00573758842348349,0.693033381712627,97,True
0.5,42,inf,100,0.9415820029027576,0.1673454481431029,0.9386792452830189,0.004800746078129977,0.944121915820029,98,True
0.5,43,0.5,100,0.5047169811320755,1.1619038134813309,0.5518505079825834,0.04157997297737766,0.68033381712627,29,True
0.5,43,1.0,100,0.6106676342525399,0.6946000470356508,0.6195391872278665,0.030746964481737235,0.6910377358490566,77,True
0.5,43,2.0,100,0.6897677793904209,0.6077825955369256,0.6875907111756169,0.00925076109142378,0.7021044992743106,96,True
0.5,43,4.0,100,0.8004354136429608,0.4459340585903688,0.7927612481857765,0.018655662327883408,0.8154934687953556,98,True
0.5,43,8.0,100,0.9354136429608128,0.2171424025066451,0.9338352685050799,0.0010751815028963462,0.9354136429608128,100,True
0.5,43,inf,100,0.955732946298984,0.1264073286120864,0.9520682148040638,0.0041022674263570145,0.9559143686502176,84,True
0.5,44,0.5,100,0.487300435413643,0.8080358044667677,0.5038280116110305,0.01712847566763187,0.6231857764876633,37,True
0.5,44,1.0,100,0.650399129172714,0.6308319643139839,0.6064404934687951,0.033363088634280294,0.6723512336719883,72,True
0.5,44,2.0,100,0.6132075471698113,0.7551031762903387,0.6332910014513787,0.017257293560441176,0.6799709724238027,66,True
0.5,44,4.0,100,0.7489114658925979,0.5343330204486847,0.7019593613933237,0.030395544978532637,0.7489114658925979,100,True
0.5,44,8.0,100,0.8564949201741655,0.3753179023888978,0.8077285921625543,0.036775602894594264,0.8564949201741655,100,True
0.5,44,inf,100,0.9290638606676342,0.1992245345291766,0.948367198838897,0.00824854542807384,0.9560957910014514,93,True
1.0,42,0.5,100,0.6239114658925979,0.6572894101793115,0.6010703918722787,0.023596602175764737,0.6560232220609579,50,True
1.0,42,1.0,100,0.7077285921625545,0.6181972480633042,0.6977322206095792,0.009101485211232826,0.7093613933236574,99,True
1.0,42,2.0,100,0.783200290275762,0.4746481854129921,0.7622460087082729,0.020429916473505713,0.7862844702467344,99,True
1.0,42,4.0,100,0.923621190130624,0.2489231860434467,0.9116291727140785,0.012739946050285481,0.923621190130624,100,True
1.0,42,8.0,100,0.9437590711175616,0.2176319037945094,0.9391509433962264,0.0025387607680094288,0.9437590711175616,100,True
1.0,42,inf,100,0.94466618287373,0.168365482579578,0.9539005805515239,0.012343669485488646,0.9604499274310596,86,True
1.0,43,0.5,100,0.6496734397677794,0.8909400647336786,0.6750907111756168,0.013483544897377901,0.7093613933236574,81,True
1.0,43,1.0,100,0.7334905660377359,0.6129949336702173,0.7226777939042088,0.01080549114186201,0.7392960812772134,97,True
1.0,43,2.0,100,0.9383164005805515,0.2509149316333192,0.9378991291727141,0.002020324313879039,0.941944847605225,97,True
1.0,43,4.0,100,0.9455732946298984,0.2279920431478372,0.9459179970972423,0.0010063082061602879,0.9477503628447024,89,True
1.0,43,8.0,100,0.9462989840348331,0.2322949689696543,0.9467525399129173,0.000893913007927799,0.9481132075471698,98,True
1.0,43,inf,100,0.96244557329463,0.1162723639810627,0.9579462989840348,0.004644160209258543,0.96244557329463,100,True
1.0,44,0.5,100,0.6291727140783745,0.7892503995787014,0.6131531204644414,0.031443522844642385,0.6640058055152395,28,True
1.0,44,1.0,100,0.7305878084179971,0.5884217484430834,0.7175072568940493,0.008658343566437151,0.7305878084179971,100,True
1.0,44,2.0,100,0.9272496371552976,0.2547330928712406,0.9300798258345429,0.001403208032150272,0.931966618287373,94,True
1.0,44,4.0,100,0.936865021770682,0.2541268395937301,0.9362844702467343,0.0016131973729047692,0.9386792452830188,97,True
1.0,44,8.0,100,0.9462989840348331,0.230325589750216,0.9427068214804064,0.001729179100209159,0.9462989840348331,100,True
1.0,44,inf,100,0.9591799709724238,0.1162803618830036,0.9586538461538462,0.0007997687693812982,0.9599056603773584,85,True
10.0,42,0.5,100,0.6398766328011611,1.185176907615228,0.6473512336719883,0.0222264882075875,0.6692670537010159,82,True
10.0,42,1.0,100,0.8142235123367199,0.5323652073063634,0.7815130624092889,0.026403729461675768,0.8174891146589259,99,True
10.0,42,2.0,100,0.8993105950653121,0.3211933785033496,0.8960631349782293,0.005140975794381928,0.9025761973875182,99,True
10.0,42,4.0,100,0.9443033381712628,0.2102734255604446,0.9433236574746008,0.0012719706652283226,0.945754716981132,99,True
10.0,42,8.0,100,0.9484760522496372,0.213299501073462,0.9479317851959361,0.0006456868802631073,0.9490203193033382,98,True
10.0,42,inf,100,0.9580914368650216,0.1196272911884906,0.9588896952104499,0.001154406385969061,0.960268505079826,94,True
10.0,43,0.5,100,0.6404208998548622,0.8164767948063937,0.6412373004354136,0.019277541758066646,0.660921625544267,75,True
10.0,43,1.0,100,0.7202467343976778,0.7047997848554091,0.700689404934688,0.013744477718814313,0.7202467343976778,100,True
10.0,43,2.0,100,0.933599419448476,0.2474148445339365,0.9314586357039186,0.0028465263908521595,0.9355950653120464,99,True
10.0,43,4.0,100,0.9386792452830188,0.2485805288412269,0.9389513788098695,0.0012192697843285037,0.9406748911465892,94,True
10.0,43,8.0,100,0.9464804063860668,0.2369881554967088,0.9461175616835995,0.0005863183185070733,0.9473875181422352,97,True
10.0,43,inf,100,0.9595428156748912,0.1213077297010882,0.9578193033381714,0.001800565424644354,0.9604499274310596,94,True
10.0,44,0.5,100,0.6705370101596516,0.8511707118966363,0.6576923076923077,0.010998577818121061,0.6843251088534107,67,True
10.0,44,1.0,100,0.6961175616835994,0.7478319758718665,0.6902757619738752,0.0037511505481307677,0.6961175616835994,100,True
10.0,44,2.0,100,0.9074746008708272,0.3087124868550084,0.9035921625544268,0.006445077081835609,0.9112844702467344,98,True
10.0,44,4.0,100,0.9412191582002902,0.2348045848246494,0.940765602322206,0.0007218998782241267,0.9421262699564588,92,True
10.0,44,8.0,100,0.9453918722786648,0.2347909926161678,0.9452830188679245,0.0006468186723328663,0.946843251088534,97,True
10.0,44,inf,100,0.9599056603773584,0.1185220416677607,0.9597968069666182,0.0009376413857433137,0.9611756168359942,89,True
