alpha,epsilon,acc_media,acc_std_tra_seed,n_seed
0.2,0.5,0.5685595065312047,0.020002560879797182,3
0.2,1.0,0.6154632317368166,0.01590180448774136,3
0.2,2.0,0.6480345911949685,0.013408453739776928,3
0.2,4.0,0.6590771649733913,0.011664262688819644,3
0.2,8.0,0.6717404450895018,0.01988147554991433,3
0.2,inf,0.765596274794388,0.17274418798530716,3
0.3,0.5,0.5244134010643443,0.038158060445780205,3
0.3,1.0,0.5876935171746492,0.02041389523929802,3
0.3,2.0,0.6391811804547654,0.03636953170573047,3
0.3,4.0,0.6623669569424286,0.0672960585924053,3
0.3,8.0,0.6769654088050313,0.031915617347964276,3
0.3,inf,0.8041727140783745,0.24686433456950616,3
0.4,0.5,0.5403422835026608,0.03417547042601197,3
0.4,1.0,0.5933357522980165,0.061424545488956664,3
0.4,2.0,0.6416908563134979,0.030900668439900032,3
0.4,4.0,0.6679063860667634,0.039068758898833426,3
0.4,8.0,0.7596698113207546,0.15384108014095832,3
0.4,inf,0.9323476052249638,0.03038323399554569,3
0.5,0.5,0.5534228350266086,0.05039938495711753,3
0.5,1.0,0.6066944847605225,0.012719608896476898,3
0.5,2.0,0.6605950653120464,0.027151168672450023,3
0.5,4.0,0.7283381712626996,0.05609608144075077,3
0.5,8.0,0.808254716981132,0.12531831743003974,3
0.5,inf,0.9463715529753266,0.006913977004478374,3
1.0,0.5,0.6297714078374456,0.039709917197733424,3
1.0,1.0,0.7126390904692791,0.013166043065548607,3
1.0,2.0,0.8767416545718433,0.09923318531348611,3
1.0,4.0,0.9312772133526851,0.01768432457282764,3
1.0,8.0,0.9428701015965167,0.0038034277563639297,3
1.0,inf,0.9568335752298016,0.0025645660620231873,3
10.0,0.5,0.6487602805999032,0.00831750418634755,3
10.0,1.0,0.7241594097726174,0.049941887159025186,3
10.0,2.0,0.9103713110788583,0.01864612584272654,3
10.0,4.0,0.9410135462022254,0.0021966593514347026,3
10.0,8.0,0.9464441219158201,0.0013542422065690287,3
10.0,inf,0.9588352685050797,0.0009898746636938826,3
